{"cameraMode":{"drawMode":0,"name":"Shaded","section":"Shading Mode"},"sceneLighting":false,"audioPlay":false,"sceneViewState":{"showFog":true,"showMaterialUpdate":false,"showSkybox":false,"showFlares":true,"showImageEffects":true,"showParticleSystems":true},"in2DMode":false,"pivot":{"x":6.670000076293945,"y":2.0,"z":-53.72999954223633},"rotation":{"x":-0.05936318635940552,"y":0.005083370953798294,"z":-0.0003140496264677495,"w":-0.9982371926307678},"size":19.700620651245118,"orthographic":false}