{"cameraMode":{"drawMode":0,"name":"Shaded","section":"Shading Mode"},"sceneLighting":false,"audioPlay":false,"sceneViewState":{"showFog":true,"showMaterialUpdate":false,"showSkybox":false,"showFlares":true,"showImageEffects":true,"showParticleSystems":true},"in2DMode":false,"pivot":{"x":0.007702827453613281,"y":-0.19137799739837647,"z":0.08764934539794922},"rotation":{"x":-0.05936318635940552,"y":0.005083370953798294,"z":-0.0003140496264677495,"w":-0.9982371926307678},"size":9.509899139404297,"orthographic":false}