{"cameraMode":{"drawMode":0,"name":"Shaded","section":"Shading Mode"},"sceneLighting":false,"audioPlay":false,"sceneViewState":{"showFog":true,"showMaterialUpdate":false,"showSkybox":false,"showFlares":true,"showImageEffects":true,"showParticleSystems":true},"in2DMode":false,"pivot":{"x":1.309999942779541,"y":3.8325395584106447,"z":1.8499999046325684},"rotation":{"x":0.11763022840023041,"y":-0.0074088056571781639,"z":0.001229249406605959,"w":0.9931410551071167},"size":26.80509376525879,"orthographic":true}