{"cameraMode":{"drawMode":0,"name":"Shaded","section":"Shading Mode"},"sceneLighting":true,"audioPlay":false,"sceneViewState":{"showFog":true,"showMaterialUpdate":false,"showSkybox":true,"showFlares":true,"showImageEffects":true,"showParticleSystems":true},"in2DMode":false,"pivot":{"x":789.5016479492188,"y":459.0284118652344,"z":0.0},"rotation":{"x":0.002388373017311096,"y":-0.016468368470668794,"z":0.0005884016281925142,"w":1.0000758171081544},"size":2379.664306640625,"orthographic":true}